Departure Time,Arrival Time,Departure Airport,Arrival Airport,Flight Type,Duration,Airline,Price,Class Info,Flight URL
18:35,22:25,CMN,PAR,direct,2h 50min,Royal Air Maroc,328.0,ÉconomiqueeDreams,https://www.kayak.fr/s/clickthrough.jsp?ctyp=SponsoredResultAdBooking&ptyp=F&orig=F..RP..M1&plid=5267337&pid=eDreamsBrandedBrand_FSR_fr_FR&prv=eDreamsBrandedBrand_FSR_fr_FR&srch=XlEiKVeEvk&ploc=fr_FR&atype=SponsoredResult&prc=328.00&cpnid=7091703&xpExt=&aidExt=&lid=eDreamsBrandedBrand_FSR_fr_FR-XlEiKVeEvk&qorig=Airport:CMN&octid=&qdest=Airport:PAR&qstart=1714104000000&qend=1714363200000&qtravelers=1&qrooms=0&qow=false&qfcc=e&qdctid=36014&qdac=PAR&qshour=-1&qehour=-1&qns=false&qnearby=0&qnearbyo=false&qnearbyd=false&pj=01vTsbtKLSPvRAoJ4TTJyg%3D%3D&ah=mKCqE0c6920oZ84WRMY0RVdYiiLmz95CHRPfzvLgyV8&resid=e1b81bdaba4135c3033606957c311961&bookid=F7293167760235199004E0c11470ff6b&seekProv=EDREAMSAIR&trueProv=EDREAMSAIR&fid=&rank=1&stid=&qadults=1&qchild=0&_sid_=R-5NjQ$GDmoT5__Opi38xHm-HQoDsxhprqqJsr1TXOIbpfav42PRRLcY_YmEUlWKp&btype=DgqbZHoRrmSpOXmNAG7plg%3D%3D&bkey=tEd1LeB84CM%3D&abv=vEvlAK2E3og%3D&payment=0.00:EUR:VA_D:Visa%20Debit:true&pageOrigin=F..RP.FE.M0
14:15,18:05,CMN,PAR,direct,2h 50min,Royal Air Maroc,324.0,Économique,https://www.kayak.fr/book/flight?code=XlEiKVeEvk.18wgSzIaLAlgpzrTH2pViLaYAeeTFjgE.35015.2e559569f5a37311d0e9c23edf130fdc&h=eaaf8624c878&sub=F642889125901481982E0ea734aa373&payment=0.00:EUR:VA_D:Visa%20Debit:true&pageOrigin=F..RP.FE.M1
11:25,20:15,CMN,PAR,1 escaleLIS,7h 50min,"TAP AIR PORTUGAL, Royal Air Maroc",307.0,Discount,https://www.kayak.fr/book/flight?code=XlEiKVeEvk.e60g2LFm7BOKtDGeeN0IhQ.33178.10cc8342c6e7025a3877717fbdf0aa20&h=873ce11339b6&sub=F4665820055413621786E090c02f71ec&payment=0.00:EUR:VA_D:Visa%20Debit:true&pageOrigin=F..RP.FE.M2
18:35,22:25,CMN,PAR,direct,2h 50min,Royal Air Maroc,324.0,Économique,https://www.kayak.fr/book/flight?code=XlEiKVeEvk.18wgSzIaLAlgpzrTH2pViLaYAeeTFjgE.35015.e1b81bdaba4135c3033606957c311961&h=a3152f1bc4a0&sub=F642889122769188258E0ea734aa373&payment=0.00:EUR:VA_D:Visa%20Debit:true&pageOrigin=F..RP.FE.M4
14:15,18:05,CMN,PAR,direct,2h 50min,Royal Air Maroc,326.0,Économique,https://www.kayak.fr/book/flight?code=XlEiKVeEvk.18wgSzIaLAlgpzrTH2pViLaYAeeTFjgE.35231.9797ca252490bbe56f3dcaa862fa1718&h=889a0b12e31d&sub=F642889124061921409E0ea734aa373&payment=0.00:EUR:VA_D:Visa%20Debit:true&pageOrigin=F..RP.FE.M5
18:35,22:25,CMN,PAR,direct,2h 50min,Royal Air Maroc,326.0,Économique,https://www.kayak.fr/book/flight?code=XlEiKVeEvk.18wgSzIaLAlgpzrTH2pViLaYAeeTFjgE.35231.5e2fc94be771ba5f24de07356998c6b3&h=e53f807d11c1&sub=F642889122401428530E0ea734aa373&payment=0.00:EUR:VA_D:Visa%20Debit:true&pageOrigin=F..RP.FE.M6
16:20,20:10,CMN,PAR,direct,2h 50min,Royal Air Maroc,338.0,Économique,https://www.kayak.fr/book/flight?code=XlEiKVeEvk.18wgSzIaLAlgpzrTH2pViLaYAeeTFjgE.36529.b143a98b9957c27456149af1d112d3f2&h=de0e4de5e8db&sub=F642889123006537095E0ea734aa373&payment=0.00:EUR:VA_D:Visa%20Debit:true&pageOrigin=F..RP.FE.M7
08:10,11:55,CMN,PAR,direct,2h 45min,Royal Air Maroc,348.0,Économique,https://www.kayak.fr/book/flight?code=XlEiKVeEvk.18wgSzIaLAlgpzrTH2pViLaYAeeTFjgE.37609.85d899f238088fb7f8a3dda2ec3a69b6&h=657e7a568373&sub=F-7933845031854354119E0ea734aa373&payment=0.00:EUR:VA_D:Visa%20Debit:true&pageOrigin=F..RP.FE.M8
17:40,21:40,CMN,PAR,direct,3h 00min,"Transavia France, Royal Air Maroc",336.0,Économique,https://www.kayak.fr/book/flight?code=XlEiKVeEvk.6We7wBYoN-cNUvH8T-y68A.36315.f0db769867d4eb940a66f28495c73cef&h=3ac665e1ddda&sub=F7293167758237282984E00e3afb7923&payment=0.00:EUR:VA_D:Visa%20Debit:true&pageOrigin=F..RP.FE.M9
14:15,18:05,CMN,PAR,direct,2h 50min,Royal Air Maroc,340.0,Économique,https://www.kayak.fr/book/flight?code=XlEiKVeEvk.18wgSzIaLAlgpzrTH2pViLaYAeeTFjgE.36745.7e10556ca8829f2a813fe6fa152c4e46&h=d4d5a86b3d65&sub=F642889123012928994E0ea734aa373&payment=0.00:EUR:VA_D:Visa%20Debit:true&pageOrigin=F..RP.FE.M10
18:35,22:25,CMN,PAR,direct,2h 50min,Royal Air Maroc,340.0,Économique,https://www.kayak.fr/book/flight?code=XlEiKVeEvk.18wgSzIaLAlgpzrTH2pViLaYAeeTFjgE.36745.0096ce00ff5741286406a961360ea338&h=45f2243ad6cc&sub=F642889122273126084E0ea734aa373&payment=0.00:EUR:VA_D:Visa%20Debit:true&pageOrigin=F..RP.FE.M11
16:20,20:10,CMN,PAR,direct,2h 50min,Royal Air Maroc,340.0,Économique,https://www.kayak.fr/book/flight?code=XlEiKVeEvk.18wgSzIaLAlgpzrTH2pViLaYAeeTFjgE.36745.bdae623771eabae402644746dc7c6335&h=40f1fb9692b7&sub=F642889124408024328E0ea734aa373&payment=0.00:EUR:VA_D:Visa%20Debit:true&pageOrigin=F..RP.FE.M12
18:35,22:25,CMN,PAR,direct,2h 50min,Royal Air Maroc,340.0,Économique,https://www.kayak.fr/book/flight?code=XlEiKVeEvk.18wgSzIaLAlgpzrTH2pViLaYAeeTFjgE.36745.c867e0dc1d8bad6780ec229f09644239&h=ff76081aa469&sub=F-7933845033818320402E0ea734aa373&payment=0.00:EUR:VA_D:Visa%20Debit:true&pageOrigin=F..RP.FE.M13
14:15,18:05,CMN,PAR,direct,2h 50min,Royal Air Maroc,340.0,Économique,https://www.kayak.fr/book/flight?code=XlEiKVeEvk.18wgSzIaLAlgpzrTH2pViLaYAeeTFjgE.36745.07aa4734531c0fd7ce3de6b762ec44e3&h=e2b50df8b1b8&sub=F642889123644733451E0ea734aa373&payment=0.00:EUR:VA_D:Visa%20Debit:true&pageOrigin=F..RP.FE.M14
08:10,11:55,CMN,PAR,direct,2h 45min,Royal Air Maroc,350.0,Économique,https://www.kayak.fr/book/flight?code=XlEiKVeEvk.18wgSzIaLAlgpzrTH2pViLaYAeeTFjgE.37826.6222b6733cdfd1afd368ef9feeea5c3d&h=7862eb58eb85&sub=F-7933845031194423161E0ea734aa373&payment=0.00:EUR:VA_D:Visa%20Debit:true&pageOrigin=F..RP.FE.M15
18:35,22:25,CMN,PAR,direct,2h 50min,"Royal Air Maroc, Transavia France",337.0,Économique,https://www.kayak.fr/book/flight?code=XlEiKVeEvk.6We7wBYoN-cNUvH8T-y68A.36423.5deb11ee6d26ab501e15ec17c222ade1&h=ad2f1ad4d493&sub=F428124035331777985E01c2c9735a4&payment=0.00:EUR:VA_D:Visa%20Debit:true&pageOrigin=F..RP.FE.M16
13:25,17:20,CMN,PAR,direct,2h 55min,Royal Air Maroc,338.0,Économique,https://www.kayak.fr/book/flight?code=XlEiKVeEvk.18wgSzIaLAlgpzrTH2pViLaYAeeTFjgE.36529.20cf26ea1371a32ad5da4e1f23834c9a&h=cd046579ae75&sub=F642889125647755385E0ea734aa373&payment=0.00:EUR:VA_D:Visa%20Debit:true&pageOrigin=F..RP.FE.M18
15:55,18:45,CMN,JFK,direct,7h 50min,Royal Air Maroc,898.0,ÉconomiqueeDreams,https://www.kayak.fr/s/clickthrough.jsp?ctyp=SponsoredResultAdBooking&ptyp=F&orig=F..RP..M1&plid=5267337&pid=eDreamsBrandedBrand_FSR_fr_FR&prv=eDreamsBrandedBrand_FSR_fr_FR&srch=XlHCPpSBcs&ploc=fr_FR&atype=SponsoredResult&prc=898.00&cpnid=7091703&xpExt=&aidExt=&lid=eDreamsBrandedBrand_FSR_fr_FR-XlHCPpSBcs&qorig=Airport:CMN&octid=&qdest=Airport:JFK&qstart=1714104000000&qend=1714363200000&qtravelers=1&qrooms=0&qow=false&qfcc=e&qdctid=15830&qdac=JFK&qshour=-1&qehour=-1&qns=false&qnearby=0&qnearbyo=false&qnearbyd=false&pj=01vTsbtKLSPvRAoJ4TTJyg%3D%3D&ah=j3uk1Nw4FWXdjtmSzbhqApuyVd_dcOo9$XVSADCoblA&resid=db06dbd5deae6e543592379d0ebb5b4b&bookid=F2709172983926778243E0c11470ff6b&seekProv=EDREAMSAIR&trueProv=EDREAMSAIR&fid=&rank=1&stid=&qadults=1&qchild=0&_sid_=R-5NjQ$GDmoT5__Opi38xHm-HQoDsxhprqqJsr1TXOIbpfav42PRRLcY_YmEUlWKp&btype=DgqbZHoRrmSpOXmNAG7plg%3D%3D&bkey=tEd1LeB84CM%3D&abv=vEvlAK2E3og%3D&payment=0.00:EUR:VA_D:Visa%20Debit:true&pageOrigin=F..RP.FE.M0
15:55,18:45,CMN,JFK,direct,7h 50min,Royal Air Maroc,882.0,Économique,https://www.kayak.fr/book/flight?code=XlHCPpSBcs.tYUOhBwwtNbTYwQ_VUUUMA.95333.db06dbd5deae6e543592379d0ebb5b4b&h=e2bc9fb4fd7b&sub=F-4137658077922805451E00bdfadc699&payment=0.00:EUR:VA_D:Visa%20Debit:true&pageOrigin=F..RP.FE.M1
13:40,22:45,CMN,JFK,1 escaleLHR,14h 05min,British Airways,570.0,Économique standard,https://www.kayak.fr/book/flight?code=XlHCPpSBcs.ZpbE3-UY8hoNUvH8T-y68A.61551.0b37de0a905ba53981c2e72027a5c97c&h=be3712fba888&sub=F7801891069853200189E0eff58510c7&payment=0.00:EUR:VA_D:Visa%20Debit:true&pageOrigin=F..RP.FE.M2
13:40,22:45,CMN,JFK,1 escaleLHR,14h 05min,British Airways,691.0,Basic Economy,https://www.kayak.fr/book/flight?code=XlHCPpSBcs.MYf-feaT15w.74689.111493263b9d1935ff308f6ce1eb4ca7&h=a7de9812ae2e&sub=F-387439553758821341E0f30af19159&payment=0.00:EUR:VA_D:Visa%20Debit:true&pageOrigin=F..RP.FE.M4
15:55,18:45,CMN,JFK,direct,7h 50min,American Airlines,1396.0,Main Cabin,https://www.kayak.fr/book/flight?code=XlHCPpSBcs.sIt2B02c_IY.150810.40da853c68f81893ba53f992eecb99a2&h=b7e934febac6&sub=F6917194607543249974E0997abd1ed9&payment=0.00:EUR:VA_D:Visa%20Debit:true&pageOrigin=F..RP.FE.M5
15:55,18:45,CMN,JFK,direct,7h 50min,British Airways,1402.0,Basic Economy,https://www.kayak.fr/book/flight?code=XlHCPpSBcs.Xn8KWCj2yGDPlYb-lPvZjw.151537.5caf376fd2e84cf75f78f8054034c4b4&h=cbaf02d542dd&sub=F-4871440937230045612E0d3a952eb9d&payment=0.00:EUR:VA_D:Visa%20Debit:true&pageOrigin=F..RP.FE.M6
15:55,18:45,CMN,JFK,direct,7h 50min,Finnair,1436.0,Economy Superlight,https://www.kayak.fr/book/flight?code=XlHCPpSBcs.tYUOhBwwtNbTYwQ_VUUUMA.155214.1d2ec900375cbf148eca89f29b1d3ad9&h=ac1353c80d13&sub=F-4137658077439746130E00687854ee5&payment=0.00:EUR:VA_D:Visa%20Debit:true&pageOrigin=F..RP.FE.M7
15:55,18:45,CMN,JFK,direct,7h 50min,"British Airways, Royal Air Maroc",1649.0,Basic Economy,https://www.kayak.fr/book/flight?code=XlHCPpSBcs.Xn8KWCj2yGDPlYb-lPvZjw.178235.8a2b632678500790ea32c818bf2b35c1&h=9cf202ff06a8&sub=F-4871440937000456106E015a153c99a&payment=0.00:EUR:VA_D:Visa%20Debit:true&pageOrigin=F..RP.FE.M9
13:40,22:45,CMN,JFK,1 escaleLHR,14h 05min,"British Airways, Iberia",926.0,"Économique standard, Basic",https://www.kayak.fr/book/flight?code=XlHCPpSBcs.SraQfAsTxU_BDARZyLA7ng.100073.902568d597d61aa0963ca50759009ea6&h=f3b4c4c2f984&sub=F-1918399155115580332E0670f4fdac8&payment=0.00:EUR:VA_D:Visa%20Debit:true&pageOrigin=F..RP.FE.M10
13:40,21:55,CMN,JFK,1 escaleLHR,13h 15min,"British Airways, Iberia",1040.0,"Économique standard, Basic",https://www.kayak.fr/book/flight?code=XlHCPpSBcs.SraQfAsTxU_BDARZyLA7ng.112395.912c7190782abca1108fb0e92f711523&h=f2b06b08dbf9&sub=F-1918399157965490918E046f568b2a3&payment=0.00:EUR:VA_D:Visa%20Debit:true&pageOrigin=F..RP.FE.M11
15:55,18:45,CMN,JFK,direct,7h 50min,American Airlines,1130.0,Main Cabin,https://www.kayak.fr/book/flight?code=XlHCPpSBcs.sIt2B02c_IY.122090.f40a7ec03c793c5cd755618413fbd66b&h=8389e8837f04&sub=F6917194605191015487E00b72097b24&payment=0.00:EUR:VA_D:Visa%20Debit:true&pageOrigin=F..RP.FE.M12
13:40,21:55,CMN,JFK,1 escaleLHR,13h 15min,British Airways,1070.0,Économique standard,https://www.kayak.fr/book/flight?code=XlHCPpSBcs.ZpbE3-UY8hoNUvH8T-y68A.115637.227014f8d765bffcf460d4d1f195037c&h=de82c00a0ef1&sub=F-8359297112430124886E06d69b2d2e3&payment=0.00:EUR:VA_D:Visa%20Debit:true&pageOrigin=F..RP.FE.M14
15:55,18:45,CMN,JFK,direct,7h 50min,"Royal Air Maroc, Norse Atlantic Airways",1171.0,Économique,https://www.kayak.fr/book/flight?code=XlHCPpSBcs.mgYptEKS7RsDzQq2dWkU9A.126570.91b871316b8cb591e5a3a1215ed42de6&h=21ae03041b63&sub=F-4360786158811649450E0f0eec2b208&payment=0.00:EUR:VA_D:Visa%20Debit:true&pageOrigin=F..RP.FE.M15
13:40,22:45,CMN,JFK,1 escaleLHR,14h 05min,Plusieurs compagnies,1087.0,"Economy Superlight, Optimal",https://www.kayak.fr/book/flight?code=XlHCPpSBcs.7e2QikHpsTMDzQq2dWkU9A.117490.09f19a8aab56f9bdd8a9a7317b6f3864&h=8e3b1fc99207&sub=F-1165493309086520875E081547198d2&payment=0.00:EUR:VA_D:Visa%20Debit:true&pageOrigin=F..RP.FE.M16
15:55,18:45,CMN,JFK,direct,7h 50min,"Royal Air Maroc, Azores Airlines",1119.0,Économique,https://www.kayak.fr/book/flight?code=XlHCPpSBcs.hVPlmUai5GwDzQq2dWkU9A.120945.a3595c26c0ff148d33c0498e5b99f5e9&h=2eec013de363&sub=F5162153246509666613E02766f12b05&payment=0.00:EUR:VA_D:Visa%20Debit:true&pageOrigin=F..RP.FE.M17
15:55,18:45,CMN,JFK,direct,7h 50min,"Royal Air Maroc, Azores Airlines",1119.0,Économique,https://www.kayak.fr/book/flight?code=XlHCPpSBcs.hVPlmUai5GwDzQq2dWkU9A.120945.7fb7a35328a9345f0b932c120327efdb&h=8fbbab2214fa&sub=F5162153249318519791E02766f12b05&payment=0.00:EUR:VA_D:Visa%20Debit:true&pageOrigin=F..RP.FE.M18
12:35,16:40,CMN,ROM,direct,3h 05min,Royal Air Maroc,236.0,ÉconomiqueeDreams,https://www.kayak.fr/s/clickthrough.jsp?ctyp=SponsoredResultAdBooking&ptyp=F&orig=F..RP..M1&plid=5267337&pid=eDreamsBrandedBrand_FSR_fr_FR&prv=eDreamsBrandedBrand_FSR_fr_FR&srch=XlFCSCtJmR&ploc=fr_FR&atype=SponsoredResult&prc=236.00&cpnid=7091703&xpExt=&aidExt=&lid=eDreamsBrandedBrand_FSR_fr_FR-XlFCSCtJmR&qorig=Airport:CMN&octid=&qdest=Airport:ROM&qstart=1714104000000&qend=1714363200000&qtravelers=1&qrooms=0&qow=false&qfcc=e&qdctid=25465&qdac=ROM&qshour=-1&qehour=-1&qns=false&qnearby=0&qnearbyo=false&qnearbyd=false&pj=01vTsbtKLSPvRAoJ4TTJyg%3D%3D&ah=b98fYXvDU7BTQVS7MkZuoVz$FtAshIskpLNNmFjj2kE&resid=5d867287960d388c451b75c1647fb2eb&bookid=F-7484409005572638531E0c11470ff6b&seekProv=EDREAMSAIR&trueProv=EDREAMSAIR&fid=&rank=1&stid=&qadults=1&qchild=0&_sid_=R-5NjQ$GDmoT5__Opi38xHm-HQoDsxhprqqJsr1TXOIbpfav42PRRLcY_YmEUlWKp&btype=DgqbZHoRrmSpOXmNAG7plg%3D%3D&bkey=tEd1LeB84CM%3D&abv=vEvlAK2E3og%3D&payment=0.00:EUR:VA_D:Visa%20Debit:true&pageOrigin=F..RP.FE.M0
12:35,16:40,CMN,ROM,direct,3h 05min,Royal Air Maroc,231.0,Économique,https://www.kayak.fr/book/flight?code=XlFCSCtJmR.tYUOhBwwtNbTYwQ_VUUUMA.24969.5d867287960d388c451b75c1647fb2eb&h=5ed1498df19b&sub=F-8895454045298206152E00bdfadc699&payment=0.00:EUR:VA_D:Visa%20Debit:true&pageOrigin=F..RP.FE.M1
12:35,16:40,CMN,ROM,direct,3h 05min,"ITA Airways, Royal Air Maroc",291.0,Économique,https://www.kayak.fr/book/flight?code=XlFCSCtJmR.HceeID8kIYIMlOqRgOKZ7A.31448.3f9f1ae3a1fa15b003646dd2e91b9126&h=fa720e75e75f&sub=F1309378324617905465E05c5b4f403d&payment=0.00:EUR:VA_D:Visa%20Debit:true&pageOrigin=F..RP.FE.M2
12:35,16:40,CMN,ROM,direct,3h 05min,ITA Airways,294.0,Économique,https://www.kayak.fr/book/flight?code=XlFCSCtJmR.18wgSzIaLAlgpzrTH2pViLaYAeeTFjgE.31773.8bc074c9a550ecc288b59ccc706088b0&h=2e83f33694e9&sub=F1245444195421666957E098ecd79b46&payment=0.00:EUR:VA_D:Visa%20Debit:true&pageOrigin=F..RP.FE.M4
12:35,16:40,CMN,ROM,direct,3h 05min,"Royal Air Maroc, ITA Airways",355.0,Économique,https://www.kayak.fr/book/flight?code=XlFCSCtJmR.tYUOhBwwtNbTYwQ_VUUUMA.38371.2499a7e3f9ecf2fb50450515d482e625&h=d4ba420395a3&sub=F-8895454043311112637E07481e86df3&payment=0.00:EUR:VA_D:Visa%20Debit:true&pageOrigin=F..RP.FE.M6
13:45,23:10,CMN,ROM,1 escaleAGP,8h 25min,Plusieurs compagnies,293.0,Économique,https://www.kayak.fr/book/flight?code=XlFCSCtJmR.mgYptEKS7RsDzQq2dWkU9A.31670.5579d9ada23fb1074a3a81491e0fc9f2&h=9866de634425&sub=F2941820191184559036E0f0eec2b208&payment=0.00:EUR:VA_D:Visa%20Debit:true&pageOrigin=F..RP.FE.M7
16:10,00:05+1,CMN,ROM,1 escaleMAD,6h 55min,"Iberia, Royal Air Maroc",334.0,Basic,https://www.kayak.fr/book/flight?code=XlFCSCtJmR.6We7wBYoN-cNUvH8T-y68A.36098.3ba4caa45eb74f42a5c67da78b859429&h=94284ea26485&sub=F-7484409008795891382E0e0d253b3e1&payment=0.00:EUR:VA_D:Visa%20Debit:true&pageOrigin=F..RP.FE.M8
17:50,00:05+1,CMN,ROM,1 escaleMAD,5h 15min,"Iberia, Royal Air Maroc",375.0,Basic,https://www.kayak.fr/book/flight?code=XlFCSCtJmR.6We7wBYoN-cNUvH8T-y68A.40530.eacc8e19b7e533e006173e673e89f561&h=3f1305fdde53&sub=F-7484409005995786224E0e0d253b3e1&payment=0.00:EUR:VA_D:Visa%20Debit:true&pageOrigin=F..RP.FE.M9
11:25,19:10,CMN,ROM,1 escaleLIS,6h 45min,"TAP AIR PORTUGAL, Royal Air Maroc",350.0,Discount,https://www.kayak.fr/book/flight?code=XlFCSCtJmR.HceeID8kIYIMlOqRgOKZ7A.37826.c2e607f32d2e5b03630c2e5ed34995a5&h=d9d0ba23e2ec&sub=F1309378327919755153E0de4452204f&payment=0.00:EUR:VA_D:Visa%20Debit:true&pageOrigin=F..RP.FE.M10
16:10,23:35,CMN,ROM,1 escaleMAD,6h 25min,"Royal Air Maroc, Wizz Air Malta",337.0,Économique,https://www.kayak.frjavascript:void(0)&pageOrigin=F..RP.FE.M11
12:45,19:35,CMN,ROM,1 escaleMAD,5h 50min,"Iberia, Royal Air Maroc",390.0,Basic,https://www.kayak.fr/book/flight?code=XlFCSCtJmR.6We7wBYoN-cNUvH8T-y68A.42151.86f9f0c9acc6bf0820a26f87178a0f1f&h=1c315e2c257f&sub=F-7484409006824692529E0e0d253b3e1&payment=0.00:EUR:VA_D:Visa%20Debit:true&pageOrigin=F..RP.FE.M12
07:40,15:20,CMN,ROM,1 escaleBCN,6h 40min,Plusieurs compagnies,338.0,Économique,https://www.kayak.fr/book/flight?code=XlFCSCtJmR.47F3EeHCWiIEdn9PX-8xhQ.36534.5fa242e04dfb4dd5075a6ea723966102&h=97bdcc60acb8&sub=F584898372750097657E0c6c81a2005&payment=0.00:EUR:VA_D:Visa%20Debit:true&pageOrigin=F..RP.FE.M13
12:55,20:40,CMN,ROM,1 escaleBLQ,6h 45min,"Royal Air Maroc, ITA Airways",338.0,Économique,https://www.kayak.frjavascript:void(0)&pageOrigin=F..RP.FE.M14
13:15,20:30,CMN,ROM,1 escaleVCE,6h 15min,"Royal Air Maroc, ITA Airways",354.0,Économique,https://www.kayak.fr/book/flight?code=XlFCSCtJmR.FTZUJ6SC9iEmFcdAejOqIg.38263.4100dd60ed6a16011fd22d2557747cc4&h=f2154c36fab8&_kw_pbranded=true&sub=F9178605895647809810E03c81c31470&payment=0.00:EUR:VA_D:Visa%20Debit:true&pageOrigin=F..RP.FE.M15
12:35,16:40,CMN,ROM,direct,3h 05min,ITA Airways,415.0,Économique,https://www.kayak.fr/book/flight?code=XlFCSCtJmR.tYUOhBwwtNbTYwQ_VUUUMA.44857.eb35085a00139bd6e1983c80f922a0b0&h=45deeeb8ddff&sub=F-8895454044236735719E06cd4c14f7f&payment=0.00:EUR:VA_D:Visa%20Debit:true&pageOrigin=F..RP.FE.M16
10:00,18:10,CMN,ROM,1 escaleMAD,7h 10min,"Iberia, Royal Air Maroc",368.0,Basic,https://www.kayak.fr/book/flight?code=XlFCSCtJmR.6We7wBYoN-cNUvH8T-y68A.39773.d105389245cec9359ac1ac4e21fee8f3&h=d27b1cad371d&sub=F-7484409005265609918E0e0d253b3e1&payment=0.00:EUR:VA_D:Visa%20Debit:true&pageOrigin=F..RP.FE.M17
01:15,05:40,CMN,FRA,direct,3h 25min,Lufthansa,357.0,Economy LighteDreams,https://www.kayak.fr/s/clickthrough.jsp?ctyp=SponsoredResultAdBooking&ptyp=F&orig=F..RP..M1&plid=5267337&pid=eDreamsBrandedBrand_FSR_fr_FR&prv=eDreamsBrandedBrand_FSR_fr_FR&srch=XlHCLBEP8N&ploc=fr_FR&atype=SponsoredResult&prc=357.00&cpnid=7091703&xpExt=&aidExt=&lid=eDreamsBrandedBrand_FSR_fr_FR-XlHCLBEP8N&qorig=Airport:CMN&octid=&qdest=Airport:FRA&qstart=1714104000000&qend=1714363200000&qtravelers=1&qrooms=0&qow=false&qfcc=e&qdctid=26939&qdac=FRA&qshour=-1&qehour=-1&qns=false&qnearby=0&qnearbyo=false&qnearbyd=false&pj=01vTsbtKLSPvRAoJ4TTJyg%3D%3D&ah=6NqYnsFryICnklxlCHrtXyTOTq_kz9$EjuKVuPmiisI&resid=a2cca270e08f3890bac8c18a16794ba3&bookid=F-1764593761624663929E08e22d21827&seekProv=EDREAMSAIR&trueProv=EDREAMSAIR&fid=&rank=1&stid=&qadults=1&qchild=0&_sid_=R-5NjQ$GDmoT5__Opi38xHm-HQoDsxhprqqJsr1TXOIbpfav42PRRLcY_YmEUlWKp&btype=DgqbZHoRrmSpOXmNAG7plg%3D%3D&bkey=tEd1LeB84CM%3D&abv=vEvlAK2E3og%3D&payment=0.00:EUR:VA_D:Visa%20Debit:true&pageOrigin=F..RP.FE.M0
01:15,05:40,CMN,FRA,direct,3h 25min,Lufthansa,356.0,Economy Light,https://www.kayak.fr/book/flight?code=XlHCLBEP8N.Nm_k0mFYnq4.38476.a2cca270e08f3890bac8c18a16794ba3&h=afef8b5282ce&sub=F3250986519690837603E0b828709d65&payment=0.00:EUR:VA_D:Visa%20Debit:true&pageOrigin=F..RP.FE.M1
12:25,16:55,CMN,FRA,direct,3h 30min,Royal Air Maroc,380.0,Économique,https://www.kayak.fr/book/flight?code=XlHCLBEP8N.tYUOhBwwtNbTYwQ_VUUUMA.41074.f28d26fa3d01886f8cf162b0037617e1&h=387d2b86640f&sub=F-3072896661980183801E00bdfadc699&payment=0.00:EUR:VA_D:Visa%20Debit:true&pageOrigin=F..RP.FE.M2
12:25,16:55,CMN,FRA,direct,3h 30min,"Royal Air Maroc, Lufthansa",427.0,Economy Light,https://www.kayak.fr/book/flight?code=XlHCLBEP8N.Nm_k0mFYnq4.46150.faff0f11b3cac8d2e3561d82f2c5a9b8&h=53d2bc4e7617&sub=F-4782032727203505424E032983c12b0&payment=0.00:EUR:VA_D:Visa%20Debit:true&pageOrigin=F..RP.FE.M4
01:15,05:40,CMN,FRA,direct,3h 25min,"Lufthansa, Royal Air Maroc",493.0,Economy Light,https://www.kayak.fr/book/flight?code=XlHCLBEP8N.Nm_k0mFYnq4.53284.8071b3710ef74c8fb62813a2088c1ed6&h=25698cae999b&sub=F-4782032726244859375E00de06a493f&payment=0.00:EUR:VA_D:Visa%20Debit:true&pageOrigin=F..RP.FE.M5
13:45,21:45,CMN,FRA,1 escaleAMS,7h 00min,"KLM, Lufthansa",418.0,"Light, Economy Light",https://www.kayak.fr/book/flight?code=XlHCLBEP8N.Nm_k0mFYnq4.45178.13253f964ebda799faf7679a7974eb14&h=947195dc6f15&sub=F3250986518088716115E0536d5e2956&payment=0.00:EUR:VA_D:Visa%20Debit:true&pageOrigin=F..RP.FE.M6
13:45,21:45,CMN,FRA,1 escaleAMS,7h 00min,"KLM, Royal Air Maroc",425.0,Light,https://www.kayak.fr/book/flight?code=XlHCLBEP8N.Nm_k0mFYnq4.45934.eda826ddf1425ad7d7aad4f699c58b0e&h=d2efb7ec5fbb&sub=F3250986517772755853E06067bb8ae3&payment=0.00:EUR:VA_D:Visa%20Debit:true&pageOrigin=F..RP.FE.M7
11:25,22:20,CMN,FRA,1 escaleLIS,9h 55min,"TAP AIR PORTUGAL, Lufthansa",397.0,"Discount, Economy Light",https://www.kayak.fr/book/flight?code=XlHCLBEP8N.Nm_k0mFYnq4.42908.cb8020ef868c0be65a4f37dd21840e44&h=e557b2436780&sub=F3250986517730112661E0aa8652312b&payment=0.00:EUR:VA_D:Visa%20Debit:true&pageOrigin=F..RP.FE.M8
13:45,21:45,CMN,FRA,1 escaleAMS,7h 00min,"KLM, Air France",427.0,Light,https://www.kayak.fr/book/flight?code=XlHCLBEP8N.Nm_k0mFYnq4.46150.42197c5fec80f6e127a0819beaf3c6c2&h=748af2167396&sub=F-4782032723618853075E0591d559751&payment=0.00:EUR:VA_D:Visa%20Debit:true&pageOrigin=F..RP.FE.M9
11:25,22:20,CMN,FRA,1 escaleLIS,9h 55min,"TAP AIR PORTUGAL, Royal Air Maroc",405.0,Discount,https://www.kayak.fr/book/flight?code=XlHCLBEP8N.e60g2LFm7BOKtDGeeN0IhQ.43770.abf2edf4e86514b893d544f961262f70&h=ee42283d3a96&sub=F8014465051345590503E090c02f71ec&payment=0.00:EUR:VA_D:Visa%20Debit:true&pageOrigin=F..RP.FE.M10
12:25,16:55,CMN,FRA,direct,3h 30min,"Royal Air Maroc, Iberia",490.0,Basic,https://www.kayak.fr/book/flight?code=XlHCLBEP8N.6We7wBYoN-cNUvH8T-y68A.52960.3a982492b277f1fb4fd9bb9e71aac6fc&h=b3f03cf4f3bd&sub=F8592299380224316127E04a5f326ed7&payment=0.00:EUR:VA_D:Visa%20Debit:true&pageOrigin=F..RP.FE.M11
12:25,16:55,CMN,FRA,direct,3h 30min,"Royal Air Maroc, Air France",497.0,Light,https://www.kayak.fr/book/flight?code=XlHCLBEP8N.hVPlmUai5GwDzQq2dWkU9A.53714.1c3bbbfef25259be7d863c45f8ab7b11&h=d3d2ab6da143&sub=F7281055909104843373E0fd57bd7014&payment=0.00:EUR:VA_D:Visa%20Debit:true&pageOrigin=F..RP.FE.M12
11:25,22:20,CMN,FRA,1 escaleLIS,9h 55min,"TAP AIR PORTUGAL, Lufthansa",417.0,"Discount, Economy Light",https://www.kayak.fr/book/flight?code=XlHCLBEP8N.tYUOhBwwtNbTYwQ_VUUUMA.45073.207a9918615a007a569e1b3185e266a5&h=8e6ca8382a55&sub=F-3072896661422328711E066da9fdebd&payment=0.00:EUR:VA_D:Visa%20Debit:true&pageOrigin=F..RP.FE.M13
11:25,18:50,CMN,FRA,1 escaleLIS,6h 25min,"TAP AIR PORTUGAL, Lufthansa",505.0,"Discount, Economy Light",https://www.kayak.fr/book/flight?code=XlHCLBEP8N.Nm_k0mFYnq4.54581.cdd92cde24fa8963d0b20951998439ee&h=df20a1db340d&sub=F-4782032723610436161E0aa8652312b&payment=0.00:EUR:VA_D:Visa%20Debit:true&pageOrigin=F..RP.FE.M14
01:15,05:40,CMN,FRA,direct,3h 25min,"Lufthansa, Iberia",537.0,"Economy Light, Basic",https://www.kayak.frjavascript:void(0)&pageOrigin=F..RP.FE.M15
10:00,19:05,CMN,FRA,1 escaleMAD,8h 05min,"Iberia, Lufthansa",454.0,"Basic, Economy Light",https://www.kayak.fr/book/flight?code=XlHCLBEP8N.Nm_k0mFYnq4.49069.c37ab4d21afb677f9558c39988b391f2&h=27e05a07c457&sub=F3250986516730527755E0cab7850a41&payment=0.00:EUR:VA_D:Visa%20Debit:true&pageOrigin=F..RP.FE.M17
01:15,11:45,CMN,YYZ,1 escaleFRA,15h 30min,Lufthansa,991.0,Economy LighteDreams,https://www.kayak.fr/s/clickthrough.jsp?ctyp=SponsoredResultAdBooking&ptyp=F&orig=F..RP..M1&plid=5267337&pid=eDreamsBrandedBrand_FSR_fr_FR&prv=eDreamsBrandedBrand_FSR_fr_FR&srch=XlECIBsT6y&ploc=fr_FR&atype=SponsoredResult&prc=991.00&cpnid=7091703&xpExt=&aidExt=&lid=eDreamsBrandedBrand_FSR_fr_FR-XlECIBsT6y&qorig=Airport:CMN&octid=&qdest=Airport:YYZ&qstart=1714104000000&qend=1714363200000&qtravelers=1&qrooms=0&qow=false&qfcc=e&qdctid=11592&qdac=YYZ&qshour=-1&qehour=-1&qns=false&qnearby=0&qnearbyo=false&qnearbyd=false&pj=01vTsbtKLSPvRAoJ4TTJyg%3D%3D&ah=ibF$ijAAlzsgZeszO_Zl7iLAJbJuQko9SWSJM8d4SkY&resid=60fec883ca90524c202e9f0ba322717a&bookid=F-4434127121181959133E06ab3609583&seekProv=EDREAMSAIR&trueProv=EDREAMSAIR&fid=&rank=1&stid=&qadults=1&qchild=0&_sid_=R-5NjQ$GDmoT5__Opi38xHm-HQoDsxhprqqJsr1TXOIbpfav42PRRLcY_YmEUlWKp&btype=DgqbZHoRrmSpOXmNAG7plg%3D%3D&bkey=tEd1LeB84CM%3D&abv=vEvlAK2E3og%3D&payment=0.00:EUR:VA_D:Visa%20Debit:true&pageOrigin=F..RP.FE.M0
01:15,17:26,CMN,YYZ,"2 escalesFRA, DTW",21h 11min,"Lufthansa, Air Canada",856.0,"Basic Economy, Standard",https://www.kayak.fr/book/flight?code=XlECIBsT6y.ZpbE3-UY8hoNUvH8T-y68A.92477.888378d69950b2a4d2db0d3615f63edf&h=37d764becee7&sub=F-7151098185743752917E047e9cf9a5a&payment=0.00:EUR:VA_D:Visa%20Debit:true&pageOrigin=F..RP.FE.M1
01:15,11:45,CMN,YYZ,1 escaleFRA,15h 30min,"Lufthansa, Air Canada",1002.0,"Economy Light, Basic Economy",https://www.kayak.fr/book/flight?code=XlECIBsT6y.hVPlmUai5GwDzQq2dWkU9A.108298.3efe47875febf4997be0ecb3b40408e1&h=8c1d83b0b6c2&sub=F4905764210811317287E0ee6892dda6&payment=0.00:EUR:VA_D:Visa%20Debit:true&pageOrigin=F..RP.FE.M4
01:15,11:45,CMN,YYZ,1 escaleFRA,15h 30min,"Lufthansa, Air Canada",1006.0,"Economy Light, Basic Economy",https://www.kayak.fr/book/flight?code=XlECIBsT6y.hVPlmUai5GwDzQq2dWkU9A.108731.96ea15bde86288c10a427039878de349&h=d0e01cad818b&sub=F4905764209795529192E03d58ecc0fc&payment=0.00:EUR:VA_D:Visa%20Debit:true&pageOrigin=F..RP.FE.M5
01:15,12:25,CMN,YYZ,1 escaleFRA,16h 10min,Air Canada,1001.0,Basic Economy,https://www.kayak.fr/book/flight?code=XlECIBsT6y.hVPlmUai5GwDzQq2dWkU9A.108190.34c8c40e6f1f5e9da2f5302f21f939c6&h=d5db54f12149&sub=F4905764208334459594E039e2349e61&payment=0.00:EUR:VA_D:Visa%20Debit:true&pageOrigin=F..RP.FE.M6
01:15,17:26,CMN,YYZ,"2 escalesFRA, DTW",21h 11min,"Lufthansa, Air Canada",856.0,"Basic Economy, Standard",https://www.kayak.fr/book/flight?code=XlECIBsT6y.ZpbE3-UY8hoNUvH8T-y68A.92477.2b017c88d3e39c48be74a769e209c311&h=625a74bd0e57&sub=F-7151098183969871495E047e9cf9a5a&payment=0.00:EUR:VA_D:Visa%20Debit:true&pageOrigin=F..RP.FE.M8
01:15,11:45,CMN,YYZ,1 escaleFRA,15h 30min,"Lufthansa, Air Canada",1002.0,"Economy Light, Basic Economy",https://www.kayak.fr/book/flight?code=XlECIBsT6y.hVPlmUai5GwDzQq2dWkU9A.108298.0ff8f06f74b84ec59cd0d10690bf8bd5&h=63ccf8946012&sub=F4905764208891205442E0ee6892dda6&payment=0.00:EUR:VA_D:Visa%20Debit:true&pageOrigin=F..RP.FE.M9
01:15,11:45,CMN,YYZ,1 escaleFRA,15h 30min,"Lufthansa, Air Canada",1006.0,"Economy Light, Basic Economy",https://www.kayak.fr/book/flight?code=XlECIBsT6y.hVPlmUai5GwDzQq2dWkU9A.108731.6c4e2a3f7faffc913d2068bd73f0e67a&h=800b7b4c2be0&sub=F4905764207933480460E03d58ecc0fc&payment=0.00:EUR:VA_D:Visa%20Debit:true&pageOrigin=F..RP.FE.M10
01:15,11:45,CMN,YYZ,1 escaleFRA,15h 30min,Air Canada,1123.0,"Flex, Standard",https://www.kayak.fr/book/flight?code=XlECIBsT6y.jsIZYjH_NnTBDARZyLA7ng.121324.f7ef1a7479a43a1900467fe994abfb70&h=9e5d352fbfef&sub=F2079199303571252209E0dc03353970&payment=0.00:EUR:VA_D:Visa%20Debit:true&pageOrigin=F..RP.FE.M11
01:15,12:25,CMN,YYZ,1 escaleFRA,16h 10min,Air Canada,1001.0,Basic Economy,https://www.kayak.fr/book/flight?code=XlECIBsT6y.hVPlmUai5GwDzQq2dWkU9A.108190.c6ba5a082b533645abc8f1ddd3989061&h=27382c53949a&sub=F4905764208334317212E039e2349e61&payment=0.00:EUR:VA_D:Visa%20Debit:true&pageOrigin=F..RP.FE.M12
01:15,11:45,CMN,YYZ,1 escaleFRA,15h 30min,"Lufthansa, Air Canada",1002.0,"Economy Light, Basic Economy",https://www.kayak.fr/book/flight?code=XlECIBsT6y.hVPlmUai5GwDzQq2dWkU9A.108298.41d997f52ca7a6cd2610666c2ea829b6&h=406df51c434c&sub=F4905764211127978388E0ee6892dda6&payment=0.00:EUR:VA_D:Visa%20Debit:true&pageOrigin=F..RP.FE.M13
11:25,19:30,CMN,YYZ,"2 escalesLIS, PDL",13h 05min,"Azores Airlines, Air Canada",1380.0,Basic Economy,https://www.kayak.fr/book/flight?code=XlECIBsT6y.Xn8KWCj2yGDPlYb-lPvZjw.149160.edaa2a1a06d63a4bb695e242f0ee8e2f&h=bac691537dac&sub=F-4255805443190645484M0c8bd34bdb9&payment=0.00:EUR:VA_D:Visa%20Debit:true&pageOrigin=F..RP.FE.M15
01:15,11:45,CMN,YYZ,1 escaleFRA,15h 30min,"Lufthansa, Air Canada",1006.0,"Economy Light, Basic Economy",https://www.kayak.fr/book/flight?code=XlECIBsT6y.hVPlmUai5GwDzQq2dWkU9A.108731.ab8a49aeca81881a1104a5207da6478b&h=4730c01e7a92&sub=F4905764209729380744E03d58ecc0fc&payment=0.00:EUR:VA_D:Visa%20Debit:true&pageOrigin=F..RP.FE.M16
01:15,11:45,CMN,YYZ,1 escaleFRA,15h 30min,"Lufthansa, Air Canada",1094.0,"Economy Light, Basic Economy",https://www.kayak.fr/book/flight?code=XlECIBsT6y.hVPlmUai5GwDzQq2dWkU9A.118242.eef31322a833d53431e37c667688c3b6&h=ecbeddaee53a&sub=F4905764208607379257E0ee6892dda6&payment=0.00:EUR:VA_D:Visa%20Debit:true&pageOrigin=F..RP.FE.M17
01:15,11:45,CMN,YYZ,1 escaleFRA,15h 30min,Air Canada,1095.0,Basic Economy,https://www.kayak.fr/book/flight?code=XlECIBsT6y.hVPlmUai5GwDzQq2dWkU9A.118350.52ab06541bbbe0cf2af1e806ee88dcab&h=5645bb590b96&sub=F4905764211454988483E039e2349e61&payment=0.00:EUR:VA_D:Visa%20Debit:true&pageOrigin=F..RP.FE.M18
01:15,11:45,CMN,YYZ,1 escaleFRA,15h 30min,"Lufthansa, Air Canada",1098.0,"Economy Light, Basic Economy",https://www.kayak.fr/book/flight?code=XlECIBsT6y.hVPlmUai5GwDzQq2dWkU9A.118675.5a935a1fbf6138e033c1c8024617cdd4&h=9ee2386bbc92&sub=F4905764210923320203E03d58ecc0fc&payment=0.00:EUR:VA_D:Visa%20Debit:true&pageOrigin=F..RP.FE.M19
00:05,06:50,CMN,IST,direct,4h 45min,"Pegasus Airlines, Transavia France",624.0,Économique,https://www.kayak.fr/book/flight?code=XlGCCQDBty.DUXnJgr4NQt8slrYJHG6xA.67414.81dc024b867a286a89f1541a47b0fa9d&h=5fa53dc1d39e&sub=F2837822067931529252E07fa5d162cd&payment=0.00:EUR:VA_D:Visa%20Debit:true&pageOrigin=F..RP.FE.M0
18:20,17:10+1,CMN,IST,"2 escalesCDG, AMS",20h 50min,"KLM, Air France",1275.0,Light,https://www.kayak.fr/book/flight?code=XlGCCQDBty.i8CATpNSsfE.137743.bf567671e1c94be5212fefcee3c59d7d&h=ce3adfcf3b18&sub=F-2835742845562136738E037b8500cbd&payment=0.00:EUR:VA_D:Visa%20Debit:true&pageOrigin=F..RP.FE.M1
18:20,17:10+1,CMN,IST,"2 escalesCDG, AMS",20h 50min,"KLM, Air France",1275.0,Light,https://www.kayak.fr/book/flight?code=XlGCCQDBty.i8CATpNSsfE.137743.0da001b4177066b20bfb5a7900343248&h=a43306438984&sub=F-2835742841888466914E037b8500cbd&payment=0.00:EUR:VA_D:Visa%20Debit:true&pageOrigin=F..RP.FE.M2
18:20,17:10+1,CMN,IST,"2 escalesCDG, AMS",20h 50min,"KLM, Air France",1180.0,Light,https://www.kayak.fr/book/flight?code=XlGCCQDBty.i8CATpNSsfE.127475.98409266127bcdd0f38fa850ca9140ef&h=3121a754e860&sub=F-2835742844853765600E0a416a4ee45&payment=0.00:EUR:VA_D:Visa%20Debit:true&pageOrigin=F..RP.FE.M4
18:20,17:10+1,CMN,IST,"2 escalesCDG, AMS",20h 50min,"KLM, Air France",1180.0,Light,https://www.kayak.fr/book/flight?code=XlGCCQDBty.i8CATpNSsfE.127475.f9ea0e50f3d4da75bc1a68dfd5d5fc02&h=c02461d6eb8f&sub=F-2835742842775837049E0a416a4ee45&payment=0.00:EUR:VA_D:Visa%20Debit:true&pageOrigin=F..RP.FE.M5
18:20,16:05+1,CMN,IST,"2 escalesCDG, AMS",19h 45min,"KLM, Air France",2046.0,Économique,https://www.kayak.fr/book/flight?code=XlGCCQDBty.i8CATpNSsfE.221071.6951e527490113e23377023a436d23d3&h=419d84d966b0&sub=F5098636952888438887E044d3117d8b&payment=0.00:EUR:VA_D:Visa%20Debit:true&pageOrigin=F..RP.FE.M6
18:20,16:05+1,CMN,IST,"2 escalesCDG, AMS",19h 45min,"KLM, Air France",2046.0,Économique,https://www.kayak.fr/book/flight?code=XlGCCQDBty.i8CATpNSsfE.221071.93f56dbbc834dd9c3a5637573129e019&h=a4cf80c816c1&sub=F5098636954367051922E044d3117d8b&payment=0.00:EUR:VA_D:Visa%20Debit:true&pageOrigin=F..RP.FE.M7
18:20,16:05+1,CMN,IST,"2 escalesCDG, AMS",19h 45min,"KLM, Air France",2047.0,Économique,https://www.kayak.fr/book/flight?code=XlGCCQDBty.i8CATpNSsfE.221181.3a41ea38a03a132786e2439d400b6b94&h=d093b6d124b5&sub=F5098636951336812593E044d3117d8b&payment=0.00:EUR:VA_D:Visa%20Debit:true&pageOrigin=F..RP.FE.M8
18:20,17:10+1,CMN,IST,"2 escalesCDG, AMS",20h 50min,"KLM, Air France",1150.0,Light,https://www.kayak.fr/book/flight?code=XlGCCQDBty.i8CATpNSsfE.124233.4ea4c78f08adff72bbe2a95bcc9021b9&h=fea7a9678383&sub=F-2835742844427970233E0a416a4ee45&payment=0.00:EUR:VA_D:Visa%20Debit:true&pageOrigin=F..RP.FE.M9
18:20,17:10+1,CMN,IST,"2 escalesCDG, AMS",20h 50min,"KLM, Air France",1150.0,Light,https://www.kayak.fr/book/flight?code=XlGCCQDBty.i8CATpNSsfE.124233.b3435a6cc43e7428af6a86d678831cd0&h=f2cea9fefb33&sub=F-2835742842369917293E0a416a4ee45&payment=0.00:EUR:VA_D:Visa%20Debit:true&pageOrigin=F..RP.FE.M10
18:20,16:30+1,CMN,IST,1 escaleCDG,20h 10min,"Air France, KLM",1397.0,Light,https://www.kayak.fr/book/flight?code=XlGCCQDBty.i8CATpNSsfE.150962.d3f19c272fed9a899a3574234b52cad5&h=0d796f3418fd&sub=F-2835742841653932563E0f9c9ad8d96&payment=0.00:EUR:VA_D:Visa%20Debit:true&pageOrigin=F..RP.FE.M11
18:20,17:10+1,CMN,IST,"2 escalesCDG, AMS",20h 50min,KLM,1394.0,Light,https://www.kayak.fr/book/flight?code=XlGCCQDBty.i8CATpNSsfE.150579.86165a678eae663c22ae2d4518f461bb&h=129b067b0092&sub=F-2835742843774711720E04a55f803a6&payment=0.00:EUR:VA_D:Visa%20Debit:true&pageOrigin=F..RP.FE.M12
18:20,17:10+1,CMN,IST,"2 escalesCDG, AMS",20h 50min,KLM,1394.0,Light,https://www.kayak.fr/book/flight?code=XlGCCQDBty.i8CATpNSsfE.150579.51eb01a045314f13d96ebeb2a3f813ab&h=386a87f1afdd&sub=F-2835742843240355364E04a55f803a6&payment=0.00:EUR:VA_D:Visa%20Debit:true&pageOrigin=F..RP.FE.M13
18:20,16:30+1,CMN,IST,1 escaleCDG,20h 10min,"Air France, KLM",1571.0,Light,https://www.kayak.fr/book/flight?code=XlGCCQDBty.i8CATpNSsfE.169770.f34c123234dcce0a7009a86e089e4fc5&h=7b9ff6e0ec32&sub=F-2835742842240162727E0f1f1e8a2cc&payment=0.00:EUR:VA_D:Visa%20Debit:true&pageOrigin=F..RP.FE.M14
18:20,17:10+1,CMN,IST,"2 escalesCDG, AMS",20h 50min,KLM,1568.0,Light,https://www.kayak.fr/book/flight?code=XlGCCQDBty.i8CATpNSsfE.169386.00bfa6ec58e0e8e0601d13421e29ed1b&h=289219863a63&sub=F-2835742842490231408E0a4c168af55&payment=0.00:EUR:VA_D:Visa%20Debit:true&pageOrigin=F..RP.FE.M15
07:30,18:35,CMN,ABJ,1 escaleCDG,12h 05min,Air France,1944.0,Light,https://www.kayak.fr/book/flight?code=XlGCPjPxMG.scU5lTLQcTc.210018.9ecb3ead3ae8cbde413e39c338bbb753&h=e6981114bf96&sub=F1076344175167947184E01219808761&payment=0.00:EUR:VA_D:Visa%20Debit:true&pageOrigin=F..RP.FE.M0
07:30,18:35,CMN,ABJ,1 escaleCDG,12h 05min,Air France,1827.0,Light,https://www.kayak.fr/book/flight?code=XlGCPjPxMG.scU5lTLQcTc.197372.9e83163bd60051edeb053892da69fcd5&h=bc8e6d983702&sub=F1076344175069811149E069918aa896&payment=0.00:EUR:VA_D:Visa%20Debit:true&pageOrigin=F..RP.FE.M1
07:30,18:35,CMN,ABJ,1 escaleCDG,12h 05min,Air France,1837.0,Light,https://www.kayak.fr/book/flight?code=XlGCPjPxMG.scU5lTLQcTc.198514.770fc267c3d93f647792965839665535&h=7563cf08bbf5&sub=F1076344175760004513E069918aa896&payment=0.00:EUR:VA_D:Visa%20Debit:true&pageOrigin=F..RP.FE.M2
13:45,22:25,CMN,ZRH,1 escaleAMS,7h 40min,"KLM, Air France",370.0,Light,https://www.kayak.fr/book/flight?code=XlHCAgxVuz.i8CATpNSsfE.39890.29b000025266df61b0aa62d6cff94a95&h=aea281f6e764&sub=F-6717299602550742769E0ac91e94d53&payment=0.00:EUR:VA_D:Visa%20Debit:true&pageOrigin=F..RP.FE.M1
13:45,22:25,CMN,ZRH,1 escaleAMS,7h 40min,"KLM, Air France",361.0,Light,https://www.kayak.fr/book/flight?code=XlHCAgxVuz.i8CATpNSsfE.38917.d989a1d8e15e96d948f8e0a228fb66a3&h=6da93497ee94&sub=F-6717299606042253175E0fa4519afbe&payment=0.00:EUR:VA_D:Visa%20Debit:true&pageOrigin=F..RP.FE.M2
13:45,22:25,CMN,ZRH,1 escaleAMS,7h 40min,"KLM, Air France",512.0,Light,https://www.kayak.fr/book/flight?code=XlHCAgxVuz.i8CATpNSsfE.55238.c108fb8550d56c9fc153c04d8daf131a&h=0e816aa4819e&sub=F-6717299605017753142E0846c556f42&payment=0.00:EUR:VA_D:Visa%20Debit:true&pageOrigin=F..RP.FE.M4
13:45,22:25,CMN,ZRH,1 escaleAMS,7h 40min,"KLM, Air France",361.0,Light,https://www.kayak.fr/book/flight?code=XlHCAgxVuz.i8CATpNSsfE.38917.6a0f8569b5dc2937f198124a266828f0&h=cf3cfada1c62&sub=F-6717299602265029177E0fa4519afbe&payment=0.00:EUR:VA_D:Visa%20Debit:true&pageOrigin=F..RP.FE.M5
13:45,22:25,CMN,ZRH,1 escaleAMS,7h 40min,"KLM, Air France",422.0,Light,https://www.kayak.fr/book/flight?code=XlHCAgxVuz.i8CATpNSsfE.45511.4f58399e0ab6e6bc65c5cf31478c5972&h=3a037c61cc24&sub=F-6717299604896065534E0626ea216d2&payment=0.00:EUR:VA_D:Visa%20Debit:true&pageOrigin=F..RP.FE.M6
13:45,22:25,CMN,ZRH,1 escaleAMS,7h 40min,KLM,623.0,Light,https://www.kayak.fr/book/flight?code=XlHCAgxVuz.i8CATpNSsfE.67317.3531c152b645a7bf4ff0bb5002a71330&h=dc9ceb1bf0c7&sub=F-6717299603728332238E005426496b7&payment=0.00:EUR:VA_D:Visa%20Debit:true&pageOrigin=F..RP.FE.M8
13:45,22:25,CMN,ZRH,1 escaleAMS,7h 40min,"KLM, Air France",392.0,Light,https://www.kayak.fr/book/flight?code=XlHCAgxVuz.i8CATpNSsfE.42268.bb7c6b57af2448198455df844e0ee64e&h=caa19e3fca94&sub=F-6717299605473264543E06d6f6d8f14&payment=0.00:EUR:VA_D:Visa%20Debit:true&pageOrigin=F..RP.FE.M9
13:45,08:35+1,CMN,ZRH,1 escaleAMS,17h 50min,"KLM, Air France",370.0,Light,https://www.kayak.fr/book/flight?code=XlHCAgxVuz.i8CATpNSsfE.39890.f27f924ce40421c33f9301de97e5a284&h=43214f865f44&sub=F-6717299605935047578E0ac91e94d53&payment=0.00:EUR:VA_D:Visa%20Debit:true&pageOrigin=F..RP.FE.M10
13:45,08:35+1,CMN,ZRH,1 escaleAMS,17h 50min,"KLM, Air France",361.0,Light,https://www.kayak.fr/book/flight?code=XlHCAgxVuz.i8CATpNSsfE.38917.31c70435004a451afaceedd1856b0f52&h=934f7baca90a&sub=F-6717299603716897372E0fa4519afbe&payment=0.00:EUR:VA_D:Visa%20Debit:true&pageOrigin=F..RP.FE.M11
13:45,08:35+1,CMN,ZRH,1 escaleAMS,17h 50min,"KLM, Air France",512.0,Light,https://www.kayak.fr/book/flight?code=XlHCAgxVuz.i8CATpNSsfE.55238.ea879e55c68342a59be829751491e0fb&h=c8f8ecfdf91f&sub=F-6717299604173569405E0846c556f42&payment=0.00:EUR:VA_D:Visa%20Debit:true&pageOrigin=F..RP.FE.M13
13:45,08:35+1,CMN,ZRH,1 escaleAMS,17h 50min,"KLM, Air France",361.0,Light,https://www.kayak.fr/book/flight?code=XlHCAgxVuz.i8CATpNSsfE.38917.244e42696fb4069d1e6c53b0acf6f7fe&h=b38ab336c230&sub=F-6717299603226795314E0fa4519afbe&payment=0.00:EUR:VA_D:Visa%20Debit:true&pageOrigin=F..RP.FE.M14
13:45,08:35+1,CMN,ZRH,1 escaleAMS,17h 50min,"KLM, Air France",422.0,Light,https://www.kayak.fr/book/flight?code=XlHCAgxVuz.i8CATpNSsfE.45511.4008507aa666ab5fae8800e8c4986b85&h=f903b63983cf&sub=F-6717299602747571193E0626ea216d2&payment=0.00:EUR:VA_D:Visa%20Debit:true&pageOrigin=F..RP.FE.M15
13:45,08:35+1,CMN,ZRH,1 escaleAMS,17h 50min,KLM,623.0,Light,https://www.kayak.fr/book/flight?code=XlHCAgxVuz.i8CATpNSsfE.67317.0f786f2c422eb75657b364a95e69a9ce&h=110254984c58&sub=F-6717299602690087899E005426496b7&payment=0.00:EUR:VA_D:Visa%20Debit:true&pageOrigin=F..RP.FE.M16
13:45,08:35+1,CMN,ZRH,1 escaleAMS,17h 50min,"KLM, Air France",392.0,Light,https://www.kayak.fr/book/flight?code=XlHCAgxVuz.i8CATpNSsfE.42268.3615e6f91effaf89ed4ba36cf5e40260&h=9a98914af049&sub=F-6717299605775215924E06d6f6d8f14&payment=0.00:EUR:VA_D:Visa%20Debit:true&pageOrigin=F..RP.FE.M18
07:30,22:45,CMN,JED,1 escaleCDG,13h 15min,Air France,2497.0,Standard,https://www.kayak.fr/book/flight?code=XlECR_iwE6.scU5lTLQcTc.269787.320930c2b01a3d79c2f0f400e93df771&h=024f4609d963&sub=F-3221910195204843699E088fdc596af&payment=0.00:EUR:VA_D:Visa%20Debit:true&pageOrigin=F..RP.FE.M1
15:55,11:10+1,CMN,JED,"2 escalesCDG, AUH",17h 15min,Air France,2334.0,Standard,https://www.kayak.fr/book/flight?code=XlECR_iwE6.scU5lTLQcTc.252230.4b67bef8250b1ca2f2924752acb2506b&h=134995681c74&sub=F-3221910193821431695E03e6e3b58d4&payment=0.00:EUR:VA_D:Visa%20Debit:true&pageOrigin=F..RP.FE.M2
07:30,22:45,CMN,JED,1 escaleCDG,13h 15min,Air France,2061.0,Standard,https://www.kayak.fr/book/flight?code=XlECR_iwE6.scU5lTLQcTc.222688.e72d3a85f6dcf041db6cb5d37a0fdb3c&h=d8b69918cc73&sub=F-3221910194287229033E016dbf2b516&payment=0.00:EUR:VA_D:Visa%20Debit:true&pageOrigin=F..RP.FE.M4
15:55,11:10+1,CMN,JED,"2 escalesCDG, AUH",17h 15min,Air France,1787.0,Light,https://www.kayak.fr/book/flight?code=XlECR_iwE6.scU5lTLQcTc.193134.7741e3ea859db539c595730a4e8d697c&h=2940556b9ac5&sub=F-3221910196987152486E0ad2d3bcce6&payment=0.00:EUR:VA_D:Visa%20Debit:true&pageOrigin=F..RP.FE.M5
07:30,11:10+1,CMN,JED,"2 escalesCDG, AUH",25h 40min,Air France,2887.0,Standard,https://www.kayak.fr/book/flight?code=XlECR_iwE6.scU5lTLQcTc.312002.3994865029d6f5688df954a4146dc9e9&h=d38c9978bc2e&sub=F-3221910195648120903E07637ebf1cf&payment=0.00:EUR:VA_D:Visa%20Debit:true&pageOrigin=F..RP.FE.M7
07:30,11:10+1,CMN,JED,"2 escalesCDG, AUH",25h 40min,Air France,2340.0,Light,https://www.kayak.fr/book/flight?code=XlECR_iwE6.scU5lTLQcTc.252906.7fc183698e43d5c84d16c616fe4c34d1&h=7b8e15ebad87&sub=F-3221910195947197981E0f37b33ce3b&payment=0.00:EUR:VA_D:Visa%20Debit:true&pageOrigin=F..RP.FE.M8
13:45,19:40,CMN,LON,1 escaleAMS,5h 55min,"KLM, Air France",448.0,Light,https://www.kayak.fr/book/flight?code=XlHCDPQINP.i8CATpNSsfE.48412.84082aabc4d4b8319b4a20ea8835436b&h=d87d3274da45&sub=F-8308546207754874307E0135fe09cd2&payment=0.00:EUR:VA_D:Visa%20Debit:true&pageOrigin=F..RP.FE.M0
13:45,19:40,CMN,LON,1 escaleAMS,5h 55min,"KLM, Air France",429.0,Light,https://www.kayak.fr/book/flight?code=XlHCDPQINP.i8CATpNSsfE.46358.966524728d0de5dcd77c0f87eca3ae14&h=4830f40c1a2e&sub=F-8308546208435552045E0aeb27bacce&payment=0.00:EUR:VA_D:Visa%20Debit:true&pageOrigin=F..RP.FE.M1
13:45,19:40,CMN,LON,1 escaleAMS,5h 55min,"KLM, Air France",448.0,Light,https://www.kayak.fr/book/flight?code=XlHCDPQINP.i8CATpNSsfE.48412.1f6a87cb83394cfc5886955e66d8111a&h=5a521f1ff419&sub=F-8308546206752026499E0135fe09cd2&payment=0.00:EUR:VA_D:Visa%20Debit:true&pageOrigin=F..RP.FE.M2
13:45,20:15,CMN,LON,1 escaleAMS,6h 30min,"KLM, Air France",448.0,Light,https://www.kayak.fr/book/flight?code=XlHCDPQINP.i8CATpNSsfE.48412.f3d16f228e866088fd17c9fd67577707&h=397866882c2e&sub=F-8308546208257149731E0135fe09cd2&payment=0.00:EUR:VA_D:Visa%20Debit:true&pageOrigin=F..RP.FE.M4
13:45,20:15,CMN,LON,1 escaleAMS,6h 30min,"KLM, Air France",448.0,Light,https://www.kayak.fr/book/flight?code=XlHCDPQINP.i8CATpNSsfE.48412.c47e6dcffadf55ddd02ab0022f10ea3a&h=4d454cafec56&sub=F-8308546209285442653E0135fe09cd2&payment=0.00:EUR:VA_D:Visa%20Debit:true&pageOrigin=F..RP.FE.M5
13:45,19:40,CMN,LON,1 escaleAMS,5h 55min,"KLM, Air France",540.0,Light,https://www.kayak.fr/book/flight?code=XlHCDPQINP.i8CATpNSsfE.58356.7443328c20edbdb7887d2b1ef9f029fc&h=6f4d65e00f44&sub=F-309290797887898381E0295a446c92&payment=0.00:EUR:VA_D:Visa%20Debit:true&pageOrigin=F..RP.FE.M6
13:45,20:55,CMN,LON,1 escaleAMS,7h 10min,"KLM, Air France",491.0,Light,https://www.kayak.fr/book/flight?code=XlHCDPQINP.i8CATpNSsfE.53066.e68cd0aaef16a5a9dc0f8cbe345ac97a&h=7f81c6b7516a&sub=F-8308546209206338874E09860aa7630&payment=0.00:EUR:VA_D:Visa%20Debit:true&pageOrigin=F..RP.FE.M7
13:45,20:55,CMN,LON,1 escaleAMS,7h 10min,"KLM, Air France",491.0,Light,https://www.kayak.fr/book/flight?code=XlHCDPQINP.i8CATpNSsfE.53066.39a4a9a066468c207ef2eb1e915ddeb7&h=4eebbc75b0df&sub=F-8308546208049411444E09860aa7630&payment=0.00:EUR:VA_D:Visa%20Debit:true&pageOrigin=F..RP.FE.M8
13:45,19:40,CMN,LON,1 escaleAMS,5h 55min,"KLM, Air France",448.0,Light,https://www.kayak.fr/book/flight?code=XlHCDPQINP.i8CATpNSsfE.48412.57cf7eeee3ef85a4e08a72095dd87cf6&h=6cbf16613630&sub=F-8308546209276841835E0135fe09cd2&payment=0.00:EUR:VA_D:Visa%20Debit:true&pageOrigin=F..RP.FE.M9
13:45,20:15,CMN,LON,1 escaleAMS,6h 30min,"KLM, Air France",540.0,Light,https://www.kayak.fr/book/flight?code=XlHCDPQINP.i8CATpNSsfE.58356.b4f16cc9822d37850992c555e30089a4&h=12d2fea86121&sub=F-8308546210357625038E0295a446c92&payment=0.00:EUR:VA_D:Visa%20Debit:true&pageOrigin=F..RP.FE.M10
13:45,20:15,CMN,LON,1 escaleAMS,6h 30min,"KLM, Air France",448.0,Light,https://www.kayak.fr/book/flight?code=XlHCDPQINP.i8CATpNSsfE.48412.f1ae12bcc9b885f6fdcf3034abb4ad52&h=20cc591b8965&sub=F-8308546209105899354E0135fe09cd2&payment=0.00:EUR:VA_D:Visa%20Debit:true&pageOrigin=F..RP.FE.M11
13:45,19:40,CMN,LON,1 escaleAMS,5h 55min,"KLM, Air France",448.0,Light,https://www.kayak.fr/book/flight?code=XlHCDPQINP.i8CATpNSsfE.48412.2dde571b1da6c89f32ce9a12abd9f909&h=00d7709fb40f&sub=F-8308546210357151463E0135fe09cd2&payment=0.00:EUR:VA_D:Visa%20Debit:true&pageOrigin=F..RP.FE.M12
13:45,19:40,CMN,LON,1 escaleAMS,5h 55min,"KLM, Air France",506.0,Light,https://www.kayak.fr/book/flight?code=XlHCDPQINP.i8CATpNSsfE.54681.be38bda3bc70e4820a3b951f7b574a92&h=c1a4121960ac&sub=F-8308546206742332179E06343be2d44&payment=0.00:EUR:VA_D:Visa%20Debit:true&pageOrigin=F..RP.FE.M13
13:45,20:15,CMN,LON,1 escaleAMS,6h 30min,"KLM, Air France",448.0,Light,https://www.kayak.fr/book/flight?code=XlHCDPQINP.i8CATpNSsfE.48412.36b43597f2dc309ffe0e066c3e78d906&h=411af8109386&sub=F-8308546208942835271E0135fe09cd2&payment=0.00:EUR:VA_D:Visa%20Debit:true&pageOrigin=F..RP.FE.M14
13:45,20:55,CMN,LON,1 escaleAMS,7h 10min,"KLM, Air France",583.0,Light,https://www.kayak.fr/book/flight?code=XlHCDPQINP.i8CATpNSsfE.63010.6a739026e0f0b3a874c13b48b03fd24b&h=37d21d336110&sub=F-309290799278875132E067a2bed764&payment=0.00:EUR:VA_D:Visa%20Debit:true&pageOrigin=F..RP.FE.M15
13:45,20:55,CMN,LON,1 escaleAMS,7h 10min,"KLM, Air France",491.0,Light,https://www.kayak.fr/book/flight?code=XlHCDPQINP.i8CATpNSsfE.53066.d9e0e435c2a23f7dd86c31efc31529fb&h=e6a5246265e0&sub=F-8308546206439117523E09860aa7630&payment=0.00:EUR:VA_D:Visa%20Debit:true&pageOrigin=F..RP.FE.M16
15:55,06:10+2,CMN,SYD,"2 escalesCDG, AUH",29h 15min,Air France,2297.0,Light,https://www.kayak.fr/book/flight?code=XlEiApQ8EA.scU5lTLQcTc.248180.ff3ce480bdda494103a435e40722a55e&h=90b7b2f4920c&sub=F-6890336016635650853E0be1e965d9f&payment=0.00:EUR:VA_D:Visa%20Debit:true&pageOrigin=F..RP.FE.M0
15:55,06:10+2,CMN,SYD,"2 escalesCDG, AUH",29h 15min,Air France,2297.0,Light,https://www.kayak.fr/book/flight?code=XlEiApQ8EA.scU5lTLQcTc.248180.ada3af18cb5d7ca2104b3f9c6340eae4&h=b2d1656e45f5&sub=F-6890336014777669312E0be1e965d9f&payment=0.00:EUR:VA_D:Visa%20Debit:true&pageOrigin=F..RP.FE.M1
15:55,06:10+2,CMN,SYD,"2 escalesCDG, AUH",29h 15min,Air France,2297.0,Light,https://www.kayak.fr/book/flight?code=XlEiApQ8EA.scU5lTLQcTc.248180.8f13231a8e9f5aee253ed709012d7c7c&h=6def95ba240d&sub=F-6890336016487743568E0be1e965d9f&payment=0.00:EUR:VA_D:Visa%20Debit:true&pageOrigin=F..RP.FE.M2
15:55,06:10+2,CMN,SYD,"2 escalesCDG, AUH",29h 15min,Air France,2307.0,Light,https://www.kayak.fr/book/flight?code=XlEiApQ8EA.scU5lTLQcTc.249323.d91a00b4286b41ad557119fe010a573a&h=688927da686b&sub=F-6890336014457678143E0be1e965d9f&payment=0.00:EUR:VA_D:Visa%20Debit:true&pageOrigin=F..RP.FE.M4
15:55,05:10+2,CMN,SYD,"2 escalesCDG, SIN",28h 15min,Air France,2665.0,Light,https://www.kayak.fr/book/flight?code=XlEiApQ8EA.scU5lTLQcTc.287963.76e96f39b20504d8ed39cf6a2b27be57&h=df4a0a80d7b4&sub=F-6890336016986471547E01344bdcb82&payment=0.00:EUR:VA_D:Visa%20Debit:true&pageOrigin=F..RP.FE.M5
15:55,05:10+2,CMN,SYD,"2 escalesCDG, SIN",28h 15min,Air France,2665.0,Light,https://www.kayak.fr/book/flight?code=XlEiApQ8EA.scU5lTLQcTc.287963.82aaeaba7685801dd2b86c6194181c63&h=6b68d76efe35&sub=F-6890336015937898809E01344bdcb82&payment=0.00:EUR:VA_D:Visa%20Debit:true&pageOrigin=F..RP.FE.M6
15:55,06:10+2,CMN,SYD,"2 escalesCDG, AUH",29h 15min,Air France,2738.0,Light,https://www.kayak.fr/book/flight?code=XlEiApQ8EA.scU5lTLQcTc.295840.3a058ef2069c6879ecdc8198a8149cf4&h=6d40ae4c9333&sub=F-6890336017306975744E015f7a51ec8&payment=0.00:EUR:VA_D:Visa%20Debit:true&pageOrigin=F..RP.FE.M7
15:55,05:10+2,CMN,SYD,"2 escalesCDG, SIN",28h 15min,Air France,2665.0,Light,https://www.kayak.fr/book/flight?code=XlEiApQ8EA.scU5lTLQcTc.287963.dfa54b54095a06d985c5c90033fb0f89&h=a6aa07799c54&sub=F-6890336016396473252E01344bdcb82&payment=0.00:EUR:VA_D:Visa%20Debit:true&pageOrigin=F..RP.FE.M8
15:55,05:10+2,CMN,SYD,"2 escalesCDG, SIN",28h 15min,Air France,2675.0,Light,https://www.kayak.fr/book/flight?code=XlEiApQ8EA.scU5lTLQcTc.289105.d377415ac5aea5a3d4064ecd694017fb&h=2267ef4fd59f&sub=F-6890336017399609677E01344bdcb82&payment=0.00:EUR:VA_D:Visa%20Debit:true&pageOrigin=F..RP.FE.M9
15:55,06:10+2,CMN,SYD,"2 escalesCDG, AUH",29h 15min,Air France,2867.0,Light,https://www.kayak.fr/book/flight?code=XlEiApQ8EA.scU5lTLQcTc.309798.9c187abf96e7e9de78f6986f64237824&h=8f1e647ef1fe&sub=F-6890336017201994084E0b74c88d3e6&payment=0.00:EUR:VA_D:Visa%20Debit:true&pageOrigin=F..RP.FE.M10
15:55,05:10+2,CMN,SYD,"2 escalesCDG, SIN",28h 15min,Air France,3106.0,Light,https://www.kayak.fr/book/flight?code=XlEiApQ8EA.scU5lTLQcTc.335623.7346189de48c832d0803d03cf1112b54&h=71f990363f06&sub=F-6890336017271011734E0ac2e781cdf&payment=0.00:EUR:VA_D:Visa%20Debit:true&pageOrigin=F..RP.FE.M11
07:30,06:10+2,CMN,SYD,"2 escalesCDG, AUH",37h 40min,Air France,2783.0,Light,https://www.kayak.fr/book/flight?code=XlEiApQ8EA.scU5lTLQcTc.300711.4d67f9239270a5ec23fb09f33a4b8e11&h=b68c56510997&sub=F-6890336015595931657E02fad0fe68a&payment=0.00:EUR:VA_D:Visa%20Debit:true&pageOrigin=F..RP.FE.M12
07:30,06:10+2,CMN,SYD,"2 escalesCDG, AUH",37h 40min,Air France,2783.0,Light,https://www.kayak.fr/book/flight?code=XlEiApQ8EA.scU5lTLQcTc.300711.012df67d2f5e09ac26a67d20a2d15363&h=fb4afeefa706&sub=F-6890336017139819449E02fad0fe68a&payment=0.00:EUR:VA_D:Visa%20Debit:true&pageOrigin=F..RP.FE.M13
15:55,05:10+2,CMN,SYD,"2 escalesCDG, SIN",28h 15min,Air France,3235.0,Light,https://www.kayak.fr/book/flight?code=XlEiApQ8EA.scU5lTLQcTc.349580.627b8b11cce9d2bfa1f093a5633fc969&h=9cbd79a35159&sub=F4468712420438182779E0fa2b9a49fa&payment=0.00:EUR:VA_D:Visa%20Debit:true&pageOrigin=F..RP.FE.M14
07:30,06:10+2,CMN,SYD,"2 escalesCDG, AUH",37h 40min,Air France,3224.0,Light,https://www.kayak.fr/book/flight?code=XlEiApQ8EA.scU5lTLQcTc.348371.19239fb1873b57c9ca897eb7393a6e5b&h=0e4c26f66a99&sub=F4468712419903346208E034fad4d15f&payment=0.00:EUR:VA_D:Visa%20Debit:true&pageOrigin=F..RP.FE.M15
